{"cameraMode":{"drawMode":0,"name":"Shaded","section":"Shading Mode"},"sceneLighting":false,"audioPlay":false,"sceneViewState":{"m_AlwaysRefresh":false,"showFog":true,"showSkybox":false,"showFlares":true,"showImageEffects":true,"showParticleSystems":true,"showVisualEffectGraphs":true,"m_FxEnabled":true},"in2DMode":false,"pivot":{"x":2.0362770557403566,"y":6.096251487731934,"z":0.9968028664588928},"rotation":{"x":0.15304866433143617,"y":-0.7307443618774414,"z":0.17418530583381654,"w":0.6420736908912659},"size":0.09746066480875015,"orthographic":false}