{"cameraMode":{"drawMode":0,"name":"Shaded","section":"Shading Mode"},"sceneLighting":false,"audioPlay":false,"sceneViewState":{"m_AlwaysRefresh":false,"showFog":true,"showSkybox":false,"showFlares":true,"showImageEffects":true,"showParticleSystems":true,"showVisualEffectGraphs":true,"m_FxEnabled":true},"in2DMode":false,"pivot":{"x":-0.004452005960047245,"y":0.13774000108242036,"z":-0.0017874687910079957},"rotation":{"x":-0.08788206428289414,"y":0.9003002643585205,"z":-0.21489620208740235,"w":-0.36817890405654909},"size":0.4310893714427948,"orthographic":false}