{"cameraMode":{"drawMode":0,"name":"Shaded","section":"Shading Mode"},"sceneLighting":true,"audioPlay":false,"sceneViewState":{"m_AlwaysRefresh":false,"showFog":true,"showSkybox":true,"showFlares":true,"showImageEffects":true,"showParticleSystems":true,"showVisualEffectGraphs":true,"m_FxEnabled":true},"in2DMode":false,"pivot":{"x":3.292907238006592,"y":-8.611420631408692,"z":-7.700508117675781},"rotation":{"x":0.3881484866142273,"y":0.038965724408626559,"z":-0.016428444534540178,"w":0.9206276535987854},"size":23.091032028198243,"orthographic":false}