{"cameraMode":{"drawMode":0,"name":"Shaded","section":"Shading Mode"},"sceneLighting":false,"audioPlay":false,"sceneViewState":{"m_AlwaysRefresh":false,"showFog":true,"showSkybox":false,"showFlares":true,"showImageEffects":true,"showParticleSystems":true,"showVisualEffectGraphs":true,"m_FxEnabled":true},"in2DMode":false,"pivot":{"x":2.066999912261963,"y":6.045149803161621,"z":1.6449999809265137},"rotation":{"x":0.15304866433143617,"y":-0.7307443618774414,"z":0.17418530583381654,"w":0.6420736908912659},"size":0.17447680234909059,"orthographic":false}