{"cameraMode":{"drawMode":0,"name":"Shaded","section":"Shading Mode"},"sceneLighting":false,"audioPlay":false,"sceneViewState":{"m_AlwaysRefresh":false,"showFog":true,"showSkybox":false,"showFlares":true,"showImageEffects":true,"showParticleSystems":true,"showVisualEffectGraphs":true,"m_FxEnabled":true},"in2DMode":false,"pivot":{"x":2.2513015270233156,"y":6.428999900817871,"z":1.486806869506836},"rotation":{"x":0.15304866433143617,"y":-0.7307443618774414,"z":0.17418530583381654,"w":0.6420736908912659},"size":0.04376031458377838,"orthographic":false}